index, name, zvalue, xvalue, yvalue 
0, Cell_0001.png, 0.98, 0.37, 0.44 
1, Cell_0002.png, 0.98, 0.61, 0.77 
2, Cell_0003.png, 0.99, 0.81, 0.53 
3, Cell_0004.png, 0.98, 0.41, 0.13 
4, Cell_0005.png, 0.98, 0.38, 0.93 
5, Cell_0006.png, 0.97, 0.70, 0.40 
6, Cell_0007.png, 0.98, 0.77, 0.39 
7, Cell_0008.png, 1.00, 0.03, 0.05 
8, Cell_0009.png, 0.99, 0.90, 0.20 
9, Cell_0010.png, 0.98, 0.52, 0.87 
10, Cell_0011.png, 0.99, 0.47, 0.41 
11, Cell_0012.png, 0.98, 0.81, 0.74 
12, Cell_0013.png, 0.99, 0.09, 0.05 
13, Cell_0014.png, 0.98, 0.16, 0.50 
14, Cell_0015.png, 0.99, 0.55, 0.55 
15, Cell_0016.png, 0.99, 0.82, 0.24 
16, Cell_0017.png, 0.98, 0.24, 0.12 
17, Cell_0018.png, 0.98, 0.56, 0.70 
18, Cell_0019.png, 0.98, 0.38, 0.27 
19, Cell_0020.png, 0.98, 0.76, 0.09 
20, Cell_0021.png, 0.98, 0.30, 0.81 
21, Cell_0022.png, 0.99, 0.62, 0.58 
22, Cell_0023.png, 1.00, 0.04, 0.21 
23, Cell_0024.png, 0.98, 0.13, 0.18 
24, Cell_0025.png, 0.98, 0.71, 0.73 
25, Cell_0026.png, 0.99, 0.99, 0.51 
26, Cell_0027.png, 0.99, 0.30, 0.33 
27, Cell_0028.png, 0.98, 0.22, 0.76 
28, Cell_0029.png, 0.99, 0.98, 0.23 
29, Cell_0030.png, 0.98, 0.55, 0.41 
30, Cell_0031.png, 0.98, 0.85, 0.12 
31, Cell_0032.png, 0.98, 0.57, 0.95 
32, Cell_0033.png, 0.98, 0.92, 0.87 
33, Cell_0034.png, 0.98, 0.14, 0.82 
34, Cell_0035.png, 0.97, 0.59, 0.10 
35, Cell_0036.png, 0.98, 0.90, 0.55 
36, Cell_0037.png, 0.36, 0.96, 0.37 
37, Cell_0038.png, 0.30, 0.29, 0.51 
38, Cell_0039.png, 0.35, 0.20, 0.63 
39, Cell_0040.png, 0.29, 0.51, 0.40 
40, Cell_0041.png, 0.32, 0.15, 0.85 
41, Cell_0042.png, 0.30, 0.87, 0.79 
42, Cell_0043.png, 0.30, 0.08, 0.12 
43, Cell_0044.png, 0.30, 0.69, 0.08 
44, Cell_0045.png, 0.30, 0.58, 0.65 
45, Cell_0046.png, 0.27, 0.37, 0.02 
46, Cell_0047.png, 0.38, 0.70, 0.34 
47, Cell_0048.png, 0.32, 0.40, 0.56 
48, Cell_0049.png, 0.32, 0.36, 0.78 
49, Cell_0050.png, 0.31, 0.40, 0.20 
50, Cell_0051.png, 0.31, 0.84, 0.43 
51, Cell_0052.png, 0.29, 0.56, 0.03 
52, Cell_0053.png, 0.32, 0.62, 0.18 
53, Cell_0054.png, 0.25, 0.58, 0.87 
54, Cell_0055.png, 0.30, 0.88, 0.07 
55, Cell_0056.png, 0.30, 0.10, 0.66 
56, Cell_0057.png, 0.36, 0.10, 0.32 
57, Cell_0058.png, 0.30, 0.46, 0.56 
58, Cell_0059.png, 0.27, 0.81, 0.29 
59, Cell_0060.png, 0.33, 0.73, 0.41 
60, Cell_0061.png, 0.23, 0.52, 0.71 
61, Cell_0062.png, 0.30, 0.39, 0.09 
62, Cell_0063.png, 0.26, 0.89, 0.59 
63, Cell_0064.png, 0.32, 0.83, 0.54 
64, Cell_0065.png, 0.31, 0.56, 0.48 
65, Cell_0066.png, 0.31, 0.55, 0.73 
66, Cell_0067.png, 0.35, 0.94, 0.27 
67, Cell_0068.png, 0.33, 0.22, 0.49 
68, Cell_0069.png, 0.35, 0.32, 0.38 
69, Cell_0070.png, 0.35, 0.67, 0.39 
70, Cell_0071.png, 0.34, 0.46, 0.24 
71, Cell_0072.png, 0.30, 0.61, 0.32 
72, Cell_0073.png, 0.33, 0.40, 0.07 
73, Cell_0074.png, 0.26, 0.68, 0.58 
74, Cell_0075.png, 0.31, 0.11, 0.59 
75, Cell_0076.png, 0.34, 0.55, 0.17 
76, Cell_0077.png, 0.32, 0.24, 0.68 
77, Cell_0078.png, 0.28, 0.35, 0.09 
78, Cell_0079.png, 0.27, 0.39, 0.44 
79, Cell_0080.png, 0.27, 0.61, 0.68 
80, Cell_0081.png, 0.34, 0.39, 0.27 
81, Cell_0082.png, 0.32, 0.91, 0.04 
82, Cell_0083.png, 0.29, 0.32, 0.56 
83, Cell_0084.png, 0.35, 0.38, 0.90 
84, Cell_0085.png, 0.28, 0.16, 0.05 
85, Cell_0086.png, 0.39, 0.67, 0.39 
86, Cell_0087.png, 0.29, 0.47, 0.62 
87, Cell_0088.png, 0.29, 0.72, 0.66 
88, Cell_0089.png, 0.41, 0.30, 0.64 
89, Cell_0090.png, 0.29, 0.79, 0.78 
90, Cell_0091.png, 0.29, 0.92, 0.54 
91, Cell_0092.png, 0.35, 0.18, 0.80 
92, Cell_0093.png, 0.39, 0.53, 0.71 
93, Cell_0094.png, 0.33, 0.38, 0.35 
94, Cell_0095.png, 0.31, 0.70, 0.31 
95, Cell_0096.png, 0.33, 0.91, 0.61 
96, Cell_0097.png, 0.33, 0.61, 0.39 
97, Cell_0098.png, 0.31, 0.74, 0.83 
98, Cell_0099.png, 0.30, 0.25, 0.20 
99, Cell_0100.png, 0.33, 0.64, 0.55 
100, Cell_0101.png, 0.33, 0.32, 0.58 
101, Cell_0102.png, 0.36, 0.95, 0.13 
102, Cell_0103.png, 0.37, 0.11, 0.61 
103, Cell_0104.png, 0.43, 0.06, 0.44 
104, Cell_0105.png, 0.37, 0.42, 0.35 
105, Cell_0106.png, 0.35, 0.36, 0.07 
106, Cell_0107.png, 0.36, 0.55, 0.08 
107, Cell_0108.png, 0.32, 0.29, 0.86 
108, Cell_0109.png, 0.34, 0.25, 0.32 
109, Cell_0110.png, 0.33, 0.05, 0.06 
110, Cell_0111.png, 0.39, 0.92, 0.65 
111, Cell_0112.png, 0.41, 0.78, 0.05 
112, Cell_0113.png, 0.42, 0.55, 0.44 
113, Cell_0114.png, 0.39, 0.33, 0.60 
114, Cell_0115.png, 0.39, 0.70, 0.80 
115, Cell_0116.png, 0.42, 0.94, 0.47 
116, Cell_0117.png, 0.39, 0.55, 0.17 
117, Cell_0118.png, 0.32, 0.75, 0.34 
118, Cell_0119.png, 0.32, 0.39, 0.71 
119, Cell_0120.png, 0.36, 0.37, 0.53 
120, Cell_0121.png, 0.32, 0.26, 0.59 
121, Cell_0122.png, 0.31, 0.60, 0.90 
122, Cell_0123.png, 0.35, 0.47, 0.52 
123, Cell_0124.png, 0.34, 0.06, 0.17 
124, Cell_0125.png, 0.34, 0.60, 0.48 
125, Cell_0126.png, 0.35, 0.07, 0.56 
126, Cell_0127.png, 0.34, 0.33, 0.46 
127, Cell_0128.png, 0.35, 0.05, 0.25 
128, Cell_0129.png, 0.30, 0.20, 0.04 
129, Cell_0130.png, 0.34, 0.13, 0.68 
130, Cell_0131.png, 0.36, 0.85, 0.71 
131, Cell_0132.png, 0.30, 0.30, 0.16 
132, Cell_0133.png, 0.30, 0.52, 0.69 
133, Cell_0134.png, 0.33, 0.74, 0.64 
134, Cell_0135.png, 0.35, 0.14, 0.40 
135, Cell_0136.png, 0.32, 0.44, 0.18 
136, Cell_0137.png, 0.34, 0.90, 0.09 
137, Cell_0138.png, 0.40, 0.14, 0.32 
138, Cell_0139.png, 0.31, 0.76, 0.47 
139, Cell_0140.png, 0.37, 0.86, 0.22 
140, Cell_0141.png, 0.29, 0.30, 0.05 
141, Cell_0142.png, 0.42, 0.30, 0.35 
142, Cell_0143.png, 0.37, 0.85, 0.48 
143, Cell_0144.png, 0.40, 0.07, 0.85 
144, Cell_0145.png, 0.42, 0.48, 0.56 
145, Cell_0146.png, 0.36, 0.81, 0.02 
146, Cell_0147.png, 0.36, 0.05, 0.37 
147, Cell_0148.png, 0.34, 0.34, 0.31 
148, Cell_0149.png, 0.29, 0.51, 0.77 
149, Cell_0150.png, 0.34, 0.53, 0.22 
150, Cell_0151.png, 0.33, 0.22, 0.15 
151, Cell_0152.png, 0.32, 0.78, 0.35 
152, Cell_0153.png, 0.34, 0.49, 0.65 
153, Cell_0154.png, 0.34, 0.95, 0.63 
154, Cell_0155.png, 0.34, 0.85, 0.29 
155, Cell_0156.png, 0.36, 0.89, 0.80 
156, Cell_0157.png, 0.28, 0.64, 0.75 
157, Cell_0158.png, 0.32, 0.63, 0.04 
158, Cell_0159.png, 0.29, 0.18, 0.32 
159, Cell_0160.png, 0.31, 0.35, 0.24 
160, Cell_0161.png, 0.27, 0.74, 0.60 
161, Cell_0162.png, 0.33, 0.20, 0.74 
162, Cell_0163.png, 0.28, 0.57, 0.32 
163, Cell_0164.png, 0.28, 0.80, 0.47 
164, Cell_0165.png, 0.33, 0.70, 0.19 
165, Cell_0166.png, 0.29, 0.98, 0.59 
166, Cell_0167.png, 0.37, 0.06, 0.45 
167, Cell_0168.png, 0.28, 0.76, 0.69 
168, Cell_0169.png, 0.34, 0.39, 0.16 
169, Cell_0170.png, 0.35, 0.28, 0.52 
170, Cell_0171.png, 0.28, 0.49, 0.70 
171, Cell_0172.png, 0.30, 0.99, 0.87 
172, Cell_0173.png, 0.41, 0.19, 0.75 
173, Cell_0174.png, 0.29, 0.77, 0.28 
174, Cell_0175.png, 0.30, 0.84, 0.24 
175, Cell_0176.png, 0.31, 0.78, 0.06 
176, Cell_0177.png, 0.31, 0.56, 0.89 
177, Cell_0178.png, 0.33, 0.42, 0.81 
178, Cell_0179.png, 0.31, 0.94, 0.38 
179, Cell_0180.png, 0.34, 0.43, 0.40 
180, Cell_0181.png, 0.35, 0.79, 0.86 
181, Cell_0182.png, 0.33, 0.25, 0.86 
182, Cell_0183.png, 0.42, 0.35, 0.70 
183, Cell_0184.png, 0.37, 0.71, 0.70 
184, Cell_0185.png, 0.42, 0.25, 0.38 
185, Cell_0186.png, 0.40, 0.54, 0.88 
186, Cell_0187.png, 0.40, 0.38, 0.07 
187, Cell_0188.png, 0.42, 0.88, 0.50 
188, Cell_0189.png, 0.43, 0.75, 0.47 
189, Cell_0190.png, 0.40, 0.82, 0.63 
190, Cell_0191.png, 0.42, 0.55, 0.27 
191, Cell_0192.png, 0.38, 0.24, 0.10 
192, Cell_0193.png, 0.44, 0.15, 0.40 
193, Cell_0194.png, 0.43, 0.23, 0.68 
194, Cell_0195.png, 0.40, 0.58, 0.68 
195, Cell_0196.png, 0.42, 0.10, 0.29 
196, Cell_0197.png, 0.36, 0.32, 0.03 
197, Cell_0198.png, 0.41, 0.91, 0.88 
198, Cell_0199.png, 0.44, 0.96, 0.15 
199, Cell_0200.png, 0.42, 0.85, 0.02 
200, Cell_0201.png, 0.41, 0.51, 0.38 
201, Cell_0202.png, 0.40, 0.81, 0.29 
202, Cell_0203.png, 0.41, 0.42, 0.27 
203, Cell_0204.png, 0.40, 0.11, 0.11 
204, Cell_0205.png, 0.43, 0.49, 0.48 
205, Cell_0206.png, 0.41, 0.90, 0.09 
206, Cell_0207.png, 0.42, 0.61, 0.39 
207, Cell_0208.png, 0.41, 0.34, 0.29 
208, Cell_0209.png, 0.43, 0.69, 0.48 
209, Cell_0210.png, 0.40, 0.05, 0.05 
210, Cell_0211.png, 0.44, 0.11, 0.49 
211, Cell_0212.png, 0.42, 0.83, 0.84 
212, Cell_0213.png, 0.42, 0.39, 0.37 
213, Cell_0214.png, 0.40, 0.44, 0.79 
214, Cell_0215.png, 0.40, 0.23, 0.20 
215, Cell_0216.png, 0.40, 0.55, 0.07 
216, Cell_0217.png, 0.45, 0.98, 0.07 
217, Cell_0218.png, 0.37, 0.65, 0.74 
218, Cell_0219.png, 0.42, 0.19, 0.86 
219, Cell_0220.png, 0.35, 0.86, 0.86 
220, Cell_0221.png, 0.33, 0.89, 0.32 
221, Cell_0222.png, 0.42, 0.98, 0.56 
222, Cell_0223.png, 0.42, 0.68, 0.28 
223, Cell_0224.png, 1.02, 0.53, 0.96 
224, Cell_0225.png, 0.97, 0.58, 0.89 
225, Cell_0226.png, 1.00, 0.07, 0.32 
226, Cell_0227.png, 0.39, 0.76, 0.82 
227, Cell_0228.png, 0.41, 0.27, 0.27 
228, Cell_0229.png, 0.41, 0.36, 0.15 
229, Cell_0230.png, 0.38, 0.43, 0.51 
230, Cell_0231.png, 0.40, 0.42, 0.16 
231, Cell_0232.png, 0.34, 0.38, 0.43 
232, Cell_0233.png, 0.40, 0.77, 0.67 
233, Cell_0234.png, 0.39, 0.34, 0.43 
234, Cell_0235.png, 0.38, 0.84, 0.34 
235, Cell_0236.png, 0.37, 0.70, 0.24 
236, Cell_0237.png, 0.36, 0.91, 0.18 
237, Cell_0238.png, 0.40, 0.02, 0.12 
238, Cell_0239.png, 0.41, 0.48, 0.30 
239, Cell_0240.png, 0.35, 0.70, 0.48 
240, Cell_0241.png, 0.39, 0.80, 0.76 
241, Cell_0242.png, 0.30, 0.78, 0.54 
242, Cell_0243.png, 0.34, 0.55, 0.82 
243, Cell_0244.png, 0.39, 0.40, 0.89 
244, Cell_0245.png, 0.41, 0.41, 0.43 
245, Cell_0246.png, 0.40, 0.96, 0.26 
246, Cell_0247.png, 0.40, 0.28, 0.58 
247, Cell_0248.png, 0.35, 0.68, 0.05 
248, Cell_0249.png, 0.40, 0.50, 0.10 
249, Cell_0250.png, 0.37, 0.24, 0.03 
250, Cell_0251.png, 0.41, 0.10, 0.38 
251, Cell_0252.png, 0.38, 0.80, 0.10 
252, Cell_0253.png, 0.38, 0.67, 0.19 
253, Cell_0254.png, 0.35, 0.81, 0.20 
254, Cell_0255.png, 0.38, 0.24, 0.55 
255, Cell_0256.png, 0.38, 0.06, 0.75 
256, Cell_0257.png, 0.42, 0.53, 0.56 
257, Cell_0258.png, 0.32, 0.74, 0.55 
258, Cell_0259.png, 0.34, 1.00, 0.55 
259, Cell_0260.png, 0.34, 0.62, 0.68 
260, Cell_0261.png, 0.40, 0.33, 0.51 
261, Cell_0262.png, 0.38, 0.99, 0.66 
262, Cell_0263.png, 0.38, 0.61, 0.20 
263, Cell_0264.png, 0.41, 0.62, 0.58 
264, Cell_0265.png, 0.41, 0.77, 0.17 
265, Cell_0266.png, 0.42, 0.13, 0.72 
266, Cell_0267.png, 0.37, 0.18, 0.14 
267, Cell_0268.png, 0.42, 0.20, 0.30 
268, Cell_0269.png, 0.43, 0.14, 0.60 
269, Cell_0270.png, 0.33, 0.88, 0.54 
270, Cell_0271.png, 0.39, 0.61, 0.89 
271, Cell_0272.png, 0.41, 0.41, 0.70 
272, Cell_0273.png, 0.40, 0.37, 0.23 
273, Cell_0274.png, 0.40, 0.61, 0.31 
274, Cell_0275.png, 0.32, 0.64, 0.43 
275, Cell_0276.png, 0.33, 0.16, 0.49 
276, Cell_0277.png, 0.32, 0.25, 0.25 
277, Cell_0278.png, 0.39, 0.51, 0.78 
278, Cell_0279.png, 0.32, 0.42, 0.48 
279, Cell_0280.png, 0.22, 0.74, 0.65 
280, Cell_0281.png, 0.35, 0.55, 0.43 
281, Cell_0282.png, 0.41, 0.61, 0.47 
282, Cell_0283.png, 0.39, 0.18, 0.51 
283, Cell_0284.png, 0.36, 0.50, 0.74 
284, Cell_0285.png, 0.36, 0.17, 0.04 
285, Cell_0286.png, 0.38, 0.11, 0.03 
286, Cell_0287.png, 0.41, 0.85, 0.77 
287, Cell_0288.png, 0.37, 0.45, 0.59 
288, Cell_0289.png, 0.40, 0.75, 0.32 
289, Cell_0290.png, 0.41, 0.28, 0.45 
290, Cell_0291.png, 0.34, 0.69, 0.81 
291, Cell_0292.png, 0.41, 0.31, 0.85 
292, Cell_0293.png, 0.43, 0.79, 0.43 
293, Cell_0294.png, 0.42, 0.39, 0.49 
294, Cell_0295.png, 0.36, 0.15, 0.59 
295, Cell_0296.png, 0.34, 0.02, 0.17 
296, Cell_0297.png, 0.34, 0.21, 0.39 
297, Cell_0298.png, 0.33, 0.65, 0.27 
298, Cell_0299.png, 0.34, 0.43, 0.65 
299, Cell_0300.png, 0.41, 0.28, 0.75 
300, Cell_0301.png, 0.38, 0.93, 0.47 
301, Cell_0302.png, 0.41, 0.73, 0.40 
302, Cell_0303.png, 0.32, 0.65, 0.86 
303, Cell_0304.png, 0.39, 0.55, 0.62 
304, Cell_0305.png, 0.35, 0.75, 0.02 
305, Cell_0306.png, 0.39, 0.15, 0.81 
306, Cell_0307.png, 0.31, 0.49, 0.08 
307, Cell_0308.png, 0.41, 0.25, 0.86 
308, Cell_0309.png, 0.30, 0.89, 0.42 
309, Cell_0310.png, 0.34, 0.33, 0.86 
310, Cell_0311.png, 0.30, 0.47, 0.84 
311, Cell_0312.png, 0.34, 0.19, 0.89 
312, Cell_0313.png, 0.35, 0.73, 0.90 
313, Cell_0314.png, 0.35, 0.75, 0.25 
314, Cell_0315.png, 0.30, 0.17, 0.61 
315, Cell_0316.png, 0.40, 0.78, 0.53 
316, Cell_0317.png, 0.30, 0.12, 0.32 
317, Cell_0318.png, 1.00, 0.49, 0.50 
318, Cell_0319.png, 1.01, 1.00, 0.81 
319, Cell_0320.png, 0.99, 0.16, 0.07 
320, Cell_0321.png, 1.02, 0.10, 0.68 
321, Cell_0322.png, 0.37, 0.87, 0.62 
322, Cell_0323.png, 0.35, 0.49, 0.58 
323, Cell_0324.png, 0.39, 0.18, 0.23 
324, Cell_0325.png, 0.38, 0.70, 0.15 
325, Cell_0326.png, 0.37, 0.28, 0.16 
326, Cell_0327.png, 0.40, 0.89, 0.28 
327, Cell_0328.png, 0.37, 0.17, 0.44 
328, Cell_0329.png, 0.42, 0.09, 0.55 
329, Cell_0330.png, 0.42, 0.73, 0.56 
330, Cell_0331.png, 0.39, 0.36, 0.80 
331, Cell_0332.png, 0.44, 0.90, 0.20 
332, Cell_0333.png, 0.40, 0.92, 0.58 
333, Cell_0334.png, 0.41, 0.57, 0.51 
334, Cell_0335.png, 0.30, 0.85, 0.65 
335, Cell_0336.png, 0.33, 0.48, 0.34 
336, Cell_0337.png, 0.31, 0.58, 0.23 
337, Cell_0338.png, 0.33, 0.83, 0.11 
338, Cell_0339.png, 0.34, 0.67, 0.61 
339, Cell_0340.png, 0.33, 0.55, 0.55 
340, Cell_0341.png, 0.35, 0.50, 0.43 
341, Cell_0342.png, 0.39, 0.47, 0.87 
342, Cell_0343.png, 0.32, 0.76, 0.17 
343, Cell_0344.png, 0.37, 0.38, 0.60 
344, Cell_0345.png, 0.39, 0.99, 0.45 
345, Cell_0346.png, 0.32, 0.26, 0.45 
346, Cell_0347.png, 0.34, 0.30, 0.31 
347, Cell_0348.png, 0.32, 0.95, 0.88 
348, Cell_0349.png, 0.34, 0.79, 0.41 
349, Cell_0350.png, 0.35, 0.34, 0.70 
350, Cell_0351.png, 0.40, 0.86, 0.41 
351, Cell_0352.png, 0.35, 0.27, 0.77 
352, Cell_0353.png, 0.41, 0.04, 0.64 
353, Cell_0354.png, 0.41, 0.23, 0.47 
354, Cell_0355.png, 0.32, 0.64, 0.75 
355, Cell_0356.png, 0.33, 0.51, 0.29 
356, Cell_0357.png, 0.34, 0.44, 0.76 
357, Cell_0358.png, 1.01, 0.93, 0.33 
358, Cell_0359.png, 0.98, 0.96, 0.09 
359, Cell_0360.png, 1.00, 0.87, 0.31 
360, Cell_0361.png, 0.99, 0.95, 0.74 
361, Cell_0362.png, 0.98, 0.44, 0.24 
362, Cell_0363.png, 1.00, 0.43, 0.52 
363, Cell_0364.png, 0.99, 0.89, 0.78 
364, Cell_0365.png, 0.98, 0.09, 0.60 
365, Cell_0366.png, 1.00, 0.68, 0.58 
366, Cell_0367.png, 0.99, 0.31, 0.70 
367, Cell_0368.png, 0.98, 0.68, 0.27 
368, Cell_0369.png, 0.97, 0.69, 0.88 
369, Cell_0370.png, 0.99, 0.30, 0.19 
370, Cell_0371.png, 0.37, 0.31, 0.22 
371, Cell_0372.png, 0.36, 0.63, 0.11 
372, Cell_0373.png, 0.36, 0.57, 0.30 
373, Cell_0374.png, 0.42, 0.07, 0.22 
374, Cell_0375.png, 0.42, 0.47, 0.67 
375, Cell_0376.png, 0.39, 0.23, 0.74 
376, Cell_0377.png, 0.40, 0.67, 0.55 
377, Cell_0378.png, 0.40, 0.55, 0.34 
378, Cell_0379.png, 0.98, 0.23, 0.22 
379, Cell_0380.png, 0.98, 0.52, 0.21 
380, Cell_0381.png, 0.99, 0.24, 0.46 
381, Cell_0382.png, 0.98, 0.75, 0.57 
382, Cell_0383.png, 0.97, 0.59, 0.22 
383, Cell_0384.png, 0.99, 0.08, 0.95 
384, Cell_0385.png, 1.01, 1.01, 0.70 
385, Cell_0386.png, 1.00, 0.21, 0.38 
386, Cell_0387.png, 1.00, 0.15, 0.34 
387, Cell_0388.png, 0.98, 0.61, 0.33 
388, Cell_0389.png, 1.00, 0.40, 0.61 
389, Cell_0390.png, 0.20, 0.83, 0.65 
390, Cell_0391.png, 0.17, 0.66, 0.00 
391, Cell_0392.png, 0.12, 0.95, 0.64 
392, Cell_0393.png, 0.27, 0.30, 0.62 
393, Cell_0394.png, 0.10, 0.60, 0.63 
394, Cell_0395.png, 0.18, 0.73, 0.44 
395, Cell_0396.png, 0.15, 0.29, 0.03 
396, Cell_0397.png, 0.18, 0.63, 0.40 
397, Cell_0398.png, 0.27, 0.61, 0.37 
398, Cell_0399.png, 0.25, 0.11, 0.15 
399, Cell_0400.png, 0.18, 0.12, 0.73 
400, Cell_0401.png, 0.17, 0.85, 0.25 
401, Cell_0402.png, 0.26, 0.07, 0.67 
402, Cell_0403.png, 0.10, 0.71, 0.67 
403, Cell_0404.png, 0.22, 0.59, 0.74 
404, Cell_0405.png, 0.14, 0.49, 0.18 
405, Cell_0406.png, 0.28, 0.43, 0.77 
406, Cell_0407.png, 0.17, 0.43, 0.83 
407, Cell_0408.png, 0.14, 0.90, 0.51 
408, Cell_0409.png, 0.17, 0.65, 0.15 
409, Cell_0410.png, 0.15, 0.24, 0.24 
410, Cell_0411.png, 0.26, 0.69, 0.81 
411, Cell_0412.png, 0.28, 0.33, 0.91 
412, Cell_0413.png, 0.19, 0.39, 0.42 
413, Cell_0414.png, 0.13, 0.90, 0.62 
414, Cell_0415.png, 0.14, 0.44, 0.21 
415, Cell_0416.png, 0.22, 0.17, 0.76 
416, Cell_0417.png, 0.18, 0.23, 0.18 
417, Cell_0418.png, 0.18, 0.70, 0.69 
418, Cell_0419.png, 0.27, 0.92, 0.17 
419, Cell_0420.png, 0.25, 0.69, 0.03 
420, Cell_0421.png, 0.23, 0.47, 0.66 
421, Cell_0422.png, 0.22, 0.29, 0.73 
422, Cell_0423.png, 0.25, 0.02, 0.29 
423, Cell_0424.png, 0.18, 0.86, 0.71 
424, Cell_0425.png, 0.23, 0.50, 0.79 
425, Cell_0426.png, 0.18, 0.09, 0.18 
426, Cell_0427.png, 0.17, 0.29, 0.10 
427, Cell_0428.png, 0.16, 0.36, 0.69 
428, Cell_0429.png, 0.23, 0.25, 0.28 
429, Cell_0430.png, 0.18, 0.41, 0.17 
430, Cell_0431.png, 0.20, 0.34, 0.90 
431, Cell_0432.png, 0.22, 0.92, 0.21 
432, Cell_0433.png, 0.22, 0.70, 0.48 
433, Cell_0434.png, 0.18, 0.98, 0.55 
434, Cell_0435.png, 0.22, 0.76, 0.26 
435, Cell_0436.png, 0.18, 0.57, 0.60 
436, Cell_0437.png, 0.22, 0.19, 0.61 
437, Cell_0438.png, 0.25, 0.62, 0.19 
438, Cell_0439.png, 0.17, 0.19, 0.23 
439, Cell_0440.png, 0.23, 0.28, 0.46 
440, Cell_0441.png, 0.19, 0.82, 0.56 
441, Cell_0442.png, 0.30, 0.10, 0.51 
442, Cell_0443.png, 0.14, 0.75, 0.67 
443, Cell_0444.png, 0.22, 0.54, 0.22 
444, Cell_0445.png, 0.15, 0.53, 0.39 
445, Cell_0446.png, 0.18, 0.42, 0.03 
446, Cell_0447.png, 0.24, 0.74, 0.81 
447, Cell_0448.png, 0.28, 0.80, 0.86 
448, Cell_0449.png, 0.26, 0.78, 0.11 
449, Cell_0450.png, 0.18, 0.81, 0.12 
450, Cell_0451.png, 0.21, 0.57, 0.27 
451, Cell_0452.png, 0.16, 0.87, 0.31 
452, Cell_0453.png, 0.27, 0.43, 0.40 
453, Cell_0454.png, 0.20, 0.38, 0.79 
454, Cell_0455.png, 0.15, 0.54, 0.72 
455, Cell_0456.png, 0.22, 0.80, 0.81 
456, Cell_0457.png, 0.15, 0.18, 0.58 
457, Cell_0458.png, 0.22, 0.68, 0.53 
458, Cell_0459.png, 0.23, 0.45, 0.18 
459, Cell_0460.png, 0.23, 0.39, 0.64 
460, Cell_0461.png, 0.18, 0.13, 0.44 
461, Cell_0462.png, 0.19, 0.72, 0.34 
462, Cell_0463.png, 0.25, 0.95, 0.11 
463, Cell_0464.png, 0.20, 0.01, 0.22 
464, Cell_0465.png, 0.13, 0.93, 0.44 
465, Cell_0466.png, 0.21, 0.87, 0.90 
466, Cell_0467.png, 0.25, 0.04, 0.45 
467, Cell_0468.png, 0.22, 0.14, 0.30 
468, Cell_0469.png, 0.15, 0.29, 0.21 
469, Cell_0470.png, 0.24, 0.24, 0.65 
470, Cell_0471.png, 0.25, 0.50, 0.10 
471, Cell_0472.png, 0.20, 0.44, 0.41 
472, Cell_0473.png, 0.31, 0.05, 0.46 
473, Cell_0474.png, 0.22, 0.70, 0.13 
474, Cell_0475.png, 0.24, 0.54, 0.57 
475, Cell_0476.png, 0.22, 0.77, 0.44 
476, Cell_0477.png, 0.20, 0.68, 0.06 
477, Cell_0478.png, 0.25, 0.92, 0.05 
478, Cell_0479.png, 0.10, 0.42, 0.22 
479, Cell_0480.png, 0.16, 0.27, 0.53 
480, Cell_0481.png, 0.27, 0.07, 0.75 
481, Cell_0482.png, 0.25, 0.20, 0.26 
482, Cell_0483.png, 0.19, 0.49, 0.29 
483, Cell_0484.png, 0.19, 0.40, 0.08 
484, Cell_0485.png, 0.22, 0.83, 0.10 
485, Cell_0486.png, 0.26, 0.34, 0.66 
486, Cell_0487.png, 0.21, 0.45, 0.83 
487, Cell_0488.png, 0.08, 0.81, 0.68 
488, Cell_0489.png, 0.22, 0.68, 0.38 
489, Cell_0490.png, 0.18, 0.77, 0.80 
490, Cell_0491.png, 0.23, 0.14, 0.39 
491, Cell_0492.png, 0.23, 0.54, 0.76 
492, Cell_0493.png, 0.18, 0.64, 0.47 
493, Cell_0494.png, 0.14, 0.36, 0.88 
494, Cell_0495.png, 0.24, 0.61, 0.45 
495, Cell_0496.png, 0.21, 0.33, 0.29 
496, Cell_0497.png, 0.22, 0.92, 0.30 
497, Cell_0498.png, 0.22, 0.24, 0.79 
498, Cell_0499.png, 0.16, 0.98, 0.83 
499, Cell_0500.png, 0.20, 0.27, 0.67 
500, Cell_0501.png, 0.19, 0.48, 0.47 
501, Cell_0502.png, 0.18, 0.58, 0.87 
502, Cell_0503.png, 0.22, 0.25, 0.36 
503, Cell_0504.png, 0.19, 0.22, 0.69 
504, Cell_0505.png, 0.15, 0.62, 0.68 
505, Cell_0506.png, 0.23, 0.64, 0.87 
506, Cell_0507.png, 0.24, 0.42, 0.54 
507, Cell_0508.png, 0.14, 0.57, 0.49 
508, Cell_0509.png, 0.16, 0.90, 0.45 
509, Cell_0510.png, 0.15, 0.74, 0.84 
510, Cell_0511.png, 0.19, 0.80, 0.21 
511, Cell_0512.png, 0.18, 0.22, 0.40 
512, Cell_0513.png, 0.20, 0.87, 0.55 
513, Cell_0514.png, 0.20, 0.13, 0.55 
514, Cell_0515.png, 0.22, 0.30, 0.55 
515, Cell_0516.png, 0.28, 0.05, 0.27 
516, Cell_0517.png, 0.15, 0.55, 0.83 
517, Cell_0518.png, 0.22, 0.18, 0.14 
518, Cell_0519.png, 0.12, 0.23, 0.47 
519, Cell_0520.png, 0.24, 0.81, 0.37 
520, Cell_0521.png, 0.22, 0.51, 0.51 
521, Cell_0522.png, 0.19, 0.34, 0.45 
522, Cell_0523.png, 0.24, 0.46, 0.01 
523, Cell_0524.png, 0.27, 0.45, 0.25 
524, Cell_0525.png, 0.20, 0.49, 0.22 
525, Cell_0526.png, 0.19, 0.26, 0.85 
526, Cell_0527.png, 0.22, 0.34, 0.01 
527, Cell_0528.png, 0.18, 0.90, 0.69 
528, Cell_0529.png, 0.22, 0.95, 0.74 
529, Cell_0530.png, 0.16, 0.75, 0.60 
530, Cell_0531.png, 0.22, 0.94, 0.01 
531, Cell_0532.png, 0.18, 0.63, 0.10 
532, Cell_0533.png, 0.14, 0.48, 0.72 
533, Cell_0534.png, 0.21, 0.75, 0.73 
534, Cell_0535.png, 0.18, 0.05, 0.42 
535, Cell_0536.png, 0.19, 0.70, 0.79 
536, Cell_0537.png, 0.20, 0.82, 0.48 
537, Cell_0538.png, 0.22, 0.39, 0.49 
538, Cell_0539.png, 0.17, 0.50, 0.67 
539, Cell_0540.png, 0.22, 0.33, 0.77 
540, Cell_0541.png, 0.21, 0.92, 0.61 
541, Cell_0542.png, 0.14, 0.92, 0.57 
542, Cell_0543.png, 0.19, 0.60, 0.49 
543, Cell_0544.png, 0.21, 0.53, 0.30 
544, Cell_0545.png, 0.26, 0.32, 0.33 
545, Cell_0546.png, 0.15, 0.67, 0.55 
546, Cell_0547.png, 0.18, 0.54, 0.90 
547, Cell_0548.png, 0.23, 0.05, 0.54 
548, Cell_0549.png, 0.15, 0.28, 0.61 
549, Cell_0550.png, 0.23, 0.14, 0.22 
550, Cell_0551.png, 0.24, 0.90, 0.77 
551, Cell_0552.png, 0.20, 0.19, 0.53 
552, Cell_0553.png, 0.20, 0.56, 0.70 
553, Cell_0554.png, 0.11, 0.49, 0.81 
554, Cell_0555.png, 0.21, 0.39, 0.30 
555, Cell_0556.png, 0.22, 0.47, 0.38 
556, Cell_0557.png, 0.18, 0.29, 0.40 
557, Cell_0558.png, 0.23, 0.63, 0.52 
558, Cell_0559.png, 0.21, 0.66, 0.59 
559, Cell_0560.png, 0.24, 0.10, 0.26 
560, Cell_0561.png, 0.22, 0.97, 0.63 
561, Cell_0562.png, 0.20, 0.43, 0.71 
562, Cell_0563.png, 0.30, 0.02, 0.35 
563, Cell_0564.png, 0.26, 0.50, 0.60 
564, Cell_0565.png, 0.22, 0.42, 0.78 
565, Cell_0566.png, 0.21, 0.79, 0.53 
566, Cell_0567.png, 0.21, 0.08, 0.59 
567, Cell_0568.png, 0.26, 0.86, 0.49 
568, Cell_0569.png, 0.25, 0.87, 0.40 
569, Cell_0570.png, 0.24, 0.71, 0.73 
570, Cell_0571.png, 0.17, 0.65, 0.78 
571, Cell_0572.png, 0.24, 0.56, 0.49 
572, Cell_0573.png, 0.16, 0.47, 0.33 
573, Cell_0574.png, 0.23, 0.33, 0.41 
574, Cell_0575.png, 0.25, 0.96, 0.84 
575, Cell_0576.png, 0.25, 0.21, 0.75 
576, Cell_0577.png, 0.27, 0.68, 0.20 
577, Cell_0578.png, 0.25, 0.29, 0.82 
578, Cell_0579.png, 0.29, 0.50, 0.21 
579, Cell_0580.png, 0.22, 0.30, 0.17 
580, Cell_0581.png, 0.27, 0.83, 0.77 
581, Cell_0582.png, 0.26, 0.99, 0.73 
582, Cell_0583.png, 0.23, 0.05, 0.08 
583, Cell_0584.png, 0.17, 0.91, 0.77 
584, Cell_0585.png, 0.21, 0.64, 0.72 
585, Cell_0586.png, 0.25, 0.68, 0.30 
586, Cell_0587.png, 0.23, 0.85, 0.34 
587, Cell_0588.png, 0.25, 0.40, 0.15 
588, Cell_0589.png, 0.26, 0.75, 0.35 
589, Cell_0590.png, 0.23, 0.44, 0.12 
590, Cell_0591.png, 0.25, 0.35, 0.54 
591, Cell_0592.png, 0.26, 0.17, 0.45 
592, Cell_0593.png, 0.30, 0.13, 0.78 
593, Cell_0594.png, 0.24, 0.23, 0.13 
594, Cell_0595.png, 0.22, 0.96, 0.26 
595, Cell_0596.png, 0.28, 0.65, 0.11 
596, Cell_0597.png, 0.28, 0.60, 0.10 
597, Cell_0598.png, 0.21, 0.70, 0.25 
598, Cell_0599.png, 0.24, 0.88, 0.22 
599, Cell_0600.png, 0.25, 0.73, 0.09 
600, Cell_0601.png, 0.24, 0.82, 0.01 
601, Cell_0602.png, 0.24, 0.80, 0.04 
602, Cell_0603.png, 0.22, 0.06, 0.22 
603, Cell_0604.png, 0.23, 0.22, 0.87 
604, Cell_0605.png, 0.15, 0.79, 0.84 
605, Cell_0606.png, 0.17, 0.10, 0.66 
606, Cell_0607.png, 0.15, 0.27, 0.45 
607, Cell_0608.png, 0.18, 0.43, 0.29 
608, Cell_0609.png, 0.22, 0.52, 0.44 
609, Cell_0610.png, 0.24, 0.18, 0.20 
610, Cell_0611.png, 0.19, 0.31, 0.66 
611, Cell_0612.png, 0.15, 0.49, 0.87 
612, Cell_0613.png, 0.15, 0.95, 0.28 
613, Cell_0614.png, 0.13, 0.67, 0.06 
614, Cell_0615.png, 0.12, 0.64, 0.50 
615, Cell_0616.png, 0.24, 0.06, 0.14 
616, Cell_0617.png, 0.23, 0.23, 0.43 
617, Cell_0618.png, 0.16, 0.76, 0.10 
618, Cell_0619.png, 0.19, 0.24, 0.11 
619, Cell_0620.png, 0.14, 0.86, 0.91 
620, Cell_0621.png, 0.12, 0.30, 0.30 
621, Cell_0622.png, 0.20, 0.54, 0.36 
622, Cell_0623.png, 0.14, 1.00, 0.59 
623, Cell_0624.png, 0.18, 0.80, 0.33 
624, Cell_0625.png, 0.14, 0.74, 0.22 
625, Cell_0626.png, 0.23, 0.92, 0.53 
626, Cell_0627.png, 0.16, 0.56, 0.09 
627, Cell_0628.png, 0.22, 0.10, 0.80 
628, Cell_0629.png, 0.17, 0.51, 0.76 
629, Cell_0630.png, 0.13, 0.33, 0.09 
630, Cell_0631.png, 0.15, 0.96, 0.07 
631, Cell_0632.png, 0.20, 0.94, 0.83 
632, Cell_0633.png, 0.14, 0.35, 0.16 
633, Cell_0634.png, 0.18, 0.19, 0.82 
634, Cell_0635.png, 0.13, 0.43, 0.72 
635, Cell_0636.png, 0.14, 0.44, 0.11 
636, Cell_0637.png, 0.17, 0.86, 0.37 
637, Cell_0638.png, 0.19, 0.30, 0.87 
638, Cell_0639.png, 0.11, 0.76, 0.77 
639, Cell_0640.png, 0.19, 0.34, 0.60 
640, Cell_0641.png, 0.16, 0.14, 0.52 
641, Cell_0642.png, 0.13, 0.82, 0.66 
642, Cell_0643.png, 0.23, 0.59, 0.64 
643, Cell_0644.png, 0.17, 0.93, 0.15 
644, Cell_0645.png, 0.14, 0.64, 0.89 
645, Cell_0646.png, 0.17, 0.31, 0.51 
646, Cell_0647.png, 0.16, 0.93, 0.36 
647, Cell_0648.png, 0.16, 0.22, 0.56 
648, Cell_0649.png, 0.14, 0.53, 0.23 
649, Cell_0650.png, 0.18, 0.48, 0.60 
650, Cell_0651.png, 0.12, 0.66, 0.36 
651, Cell_0652.png, 0.16, 0.70, 0.61 
652, Cell_0653.png, 0.16, 0.62, 0.30 
653, Cell_0654.png, 0.24, 0.87, 0.29 
654, Cell_0655.png, 0.16, 0.59, 0.23 
655, Cell_0656.png, 0.25, 0.92, 0.42 
656, Cell_0657.png, 0.18, 0.68, 0.85 
657, Cell_0658.png, 0.15, 0.34, 0.25 
658, Cell_0659.png, 0.20, 0.75, 0.18 
659, Cell_0660.png, 0.18, 0.42, 0.36 
660, Cell_0661.png, 0.23, 0.13, 0.60 
661, Cell_0662.png, 0.19, 0.33, 0.05 
662, Cell_0663.png, 0.20, 0.72, 0.05 
663, Cell_0664.png, 0.20, 0.10, 0.88 
664, Cell_0665.png, 0.20, 0.87, 0.16 
665, Cell_0666.png, 0.30, 0.06, 0.58 
666, Cell_0667.png, 0.23, 0.35, 0.72 
667, Cell_0668.png, 0.22, 0.56, 0.42 
668, Cell_0669.png, 0.16, 0.85, 0.44 
669, Cell_0670.png, 0.18, 0.30, 0.33 
670, Cell_0671.png, 0.19, 0.21, 0.49 
671, Cell_0672.png, 0.17, 0.62, 0.57 
672, Cell_0673.png, 0.15, 0.45, 0.77 
673, Cell_0674.png, 0.21, 0.16, 0.86 
674, Cell_0675.png, 0.18, 0.89, 0.85 
675, Cell_0676.png, 0.22, 0.43, 0.47 
676, Cell_0677.png, 0.20, 0.50, 0.15 
677, Cell_0678.png, 0.30, 0.05, 0.37 
678, Cell_0679.png, 0.22, 0.25, 0.59 
679, Cell_0680.png, 0.16, 0.69, 0.33 
680, Cell_0681.png, 0.16, 0.58, 0.78 
681, Cell_0682.png, 0.21, 0.87, 0.62 
682, Cell_0683.png, 0.21, 0.18, 0.41 
683, Cell_0684.png, 0.18, 0.95, 0.51 
684, Cell_0685.png, 0.22, 0.46, 0.55 
685, Cell_0686.png, 0.19, 0.29, 0.24 
686, Cell_0687.png, 0.13, 0.67, 0.29 
687, Cell_0688.png, 0.22, 0.06, 0.29 
688, Cell_0689.png, 0.11, 0.55, 0.67 
689, Cell_0690.png, 0.17, 0.12, 0.79 
690, Cell_0691.png, 0.13, 1.00, 0.71 
691, Cell_0692.png, 0.14, 0.38, 0.47 
692, Cell_0693.png, 0.12, 0.39, 0.10 
693, Cell_0694.png, 0.09, 0.90, 0.42 
694, Cell_0695.png, 0.13, 0.53, 0.28 
695, Cell_0696.png, 0.19, 0.84, 0.78 
696, Cell_0697.png, 0.15, 0.91, 0.10 
697, Cell_0698.png, 0.10, 0.73, 0.72 
698, Cell_0699.png, 0.10, 0.96, 0.52 
699, Cell_0700.png, 0.15, 0.14, 0.22 
700, Cell_0701.png, 0.05, 0.40, 0.65 
701, Cell_0702.png, 0.18, 0.19, 0.30 
702, Cell_0703.png, 0.12, 0.33, 0.65 
703, Cell_0704.png, 0.15, 0.08, 0.76 
704, Cell_0705.png, 0.13, 0.43, 0.05 
705, Cell_0706.png, 0.10, 0.37, 0.22 
706, Cell_0707.png, 0.04, 0.52, 0.13 
707, Cell_0708.png, 0.15, 0.84, 0.18 
708, Cell_0709.png, 0.15, 0.56, 0.54 
709, Cell_0710.png, 0.11, 0.38, 0.74 
710, Cell_0711.png, 0.12, 0.33, 0.74 
711, Cell_0712.png, 0.14, 0.71, 0.28 
712, Cell_0713.png, 0.14, 0.96, 0.19 
713, Cell_0714.png, 0.06, 0.60, 0.15 
714, Cell_0715.png, 0.15, 0.07, 0.25 
715, Cell_0716.png, 0.19, 0.17, 0.69 
716, Cell_0717.png, 0.17, 0.73, 0.51 
717, Cell_0718.png, 0.15, 0.52, 0.47 
718, Cell_0719.png, 0.07, 0.57, 0.88 
719, Cell_0720.png, 0.17, 0.22, 0.76 
720, Cell_0721.png, 0.11, 0.26, 0.03 
721, Cell_0722.png, 0.09, 0.10, 0.68 
722, Cell_0723.png, 0.20, 0.11, 0.50 
723, Cell_0724.png, 0.11, 0.41, 0.15 
724, Cell_0725.png, 0.06, 0.36, 0.39 
725, Cell_0726.png, 0.13, 0.16, 0.87 
726, Cell_0727.png, 0.12, 0.60, 0.04 
727, Cell_0728.png, 0.10, 0.25, 0.53 
728, Cell_0729.png, 0.17, 0.03, 0.47 
729, Cell_0730.png, 0.11, 0.22, 0.30 
730, Cell_0731.png, 0.12, 0.16, 0.78 
731, Cell_0732.png, 0.12, 0.17, 0.26 
732, Cell_0733.png, 0.17, 0.48, 0.02 
733, Cell_0734.png, 0.10, 0.28, 0.36 
734, Cell_0735.png, 0.11, 0.54, 0.60 
735, Cell_0736.png, 0.13, 0.20, 0.39 
736, Cell_0737.png, 0.12, 0.27, 0.14 
737, Cell_0738.png, 0.08, 0.63, 0.54 
738, Cell_0739.png, 0.14, 0.14, 0.67 
739, Cell_0740.png, 0.13, 0.59, 0.43 
740, Cell_0741.png, 0.14, 0.24, 0.66 
741, Cell_0742.png, 0.06, 0.31, 0.79 
742, Cell_0743.png, 0.13, 0.96, 0.79 
743, Cell_0744.png, 0.13, 0.78, 0.42 
744, Cell_0745.png, 0.13, 0.09, 0.49 
745, Cell_0746.png, 0.17, 0.33, 0.81 
746, Cell_0747.png, 0.13, 0.18, 0.72 
747, Cell_0748.png, 0.17, 0.81, 0.28 
748, Cell_0749.png, 0.10, 1.00, 0.77 
749, Cell_0750.png, 0.14, 0.93, 0.85 
750, Cell_0751.png, 0.14, 0.14, 0.29 
751, Cell_0752.png, 0.09, 0.34, 0.13 
752, Cell_0753.png, 0.10, 0.58, 0.57 
753, Cell_0754.png, 0.14, 0.67, 0.22 
754, Cell_0755.png, 0.11, 0.74, 0.14 
755, Cell_0756.png, 0.15, 0.14, 0.60 
756, Cell_0757.png, 0.09, 0.22, 0.20 
757, Cell_0758.png, 0.09, 0.30, 0.09 
758, Cell_0759.png, 0.16, 0.72, 0.39 
759, Cell_0760.png, 0.12, 0.78, 0.54 
760, Cell_0761.png, 0.02, 0.54, 0.71 
761, Cell_0762.png, 0.14, 0.17, 0.15 
762, Cell_0763.png, 0.11, 0.35, 0.57 
763, Cell_0764.png, 0.10, 0.47, 0.90 
764, Cell_0765.png, 0.10, 0.52, 0.91 
765, Cell_0766.png, 0.08, 0.66, 0.66 
766, Cell_0767.png, 0.16, 0.50, 0.55 
767, Cell_0768.png, 0.14, 0.59, 0.31 
768, Cell_0769.png, 0.14, 0.22, 0.62 
769, Cell_0770.png, 0.05, 0.47, 0.41 
770, Cell_0771.png, 0.07, 0.81, 0.77 
771, Cell_0772.png, 0.17, 0.14, 0.16 
772, Cell_0773.png, 0.14, 0.81, 0.38 
773, Cell_0774.png, 0.15, 0.45, 0.52 
774, Cell_0775.png, 0.10, 0.42, 0.82 
775, Cell_0776.png, 0.12, 0.95, 0.32 
776, Cell_0777.png, 0.16, 0.62, 0.20 
777, Cell_0778.png, 0.13, 0.83, 0.55 
778, Cell_0779.png, 0.12, 0.65, 0.60 
779, Cell_0780.png, 0.18, 0.04, 0.18 
780, Cell_0781.png, 0.10, 0.54, 0.34 
781, Cell_0782.png, 0.15, 0.77, 0.15 
782, Cell_0783.png, 0.17, 0.68, 0.42 
783, Cell_0784.png, 0.15, 0.16, 0.47 
784, Cell_0785.png, 0.14, 0.90, 0.28 
785, Cell_0786.png, 0.14, 0.47, 0.25 
786, Cell_0787.png, 0.13, 0.38, 0.81 
787, Cell_0788.png, 0.06, 0.95, 0.43 
788, Cell_0789.png, 0.16, 0.06, 0.54 
789, Cell_0790.png, 0.13, 0.59, 0.69 
790, Cell_0791.png, 0.13, 0.08, 0.89 
791, Cell_0792.png, 0.18, 0.45, 0.65 
792, Cell_0793.png, 0.12, 0.37, 0.04 
793, Cell_0794.png, 0.05, 0.74, 0.87 
794, Cell_0795.png, 0.15, 0.70, 0.16 
795, Cell_0796.png, 0.14, 0.41, 0.54 
796, Cell_0797.png, 0.12, 0.31, 0.42 
797, Cell_0798.png, 0.13, 0.96, 0.57 
798, Cell_0799.png, 0.10, 0.69, 0.79 
799, Cell_0800.png, 0.05, 0.47, 0.12 
800, Cell_0801.png, 0.11, 0.12, 0.85 
801, Cell_0802.png, 0.17, 0.84, 0.86 
802, Cell_0803.png, 0.16, 0.61, 0.85 
803, Cell_0804.png, 0.10, 0.63, 0.11 
804, Cell_0805.png, 0.13, 0.70, 0.46 
805, Cell_0806.png, 0.14, 0.76, 0.04 
806, Cell_0807.png, 0.10, 0.32, 0.18 
807, Cell_0808.png, 0.16, 0.81, 0.06 
808, Cell_0809.png, 0.11, 0.30, 0.57 
809, Cell_0810.png, 0.13, 0.24, 0.39 
810, Cell_0811.png, 0.14, 0.03, 0.12 
811, Cell_0812.png, 0.17, 0.02, 0.28 
812, Cell_0813.png, 0.18, 0.02, 0.38 
813, Cell_0814.png, 0.10, 0.27, 0.25 
814, Cell_0815.png, 0.14, 0.85, 0.11 
815, Cell_0816.png, 0.14, 0.79, 0.24 
816, Cell_0817.png, 0.11, 0.80, 0.60 
817, Cell_0818.png, 0.14, 0.34, 0.49 
818, Cell_0819.png, 0.10, 0.06, 0.43 
819, Cell_0820.png, 0.19, 0.05, 0.65 
820, Cell_0821.png, 0.11, 0.65, 0.44 
821, Cell_0822.png, 0.09, 0.39, 0.91 
822, Cell_0823.png, 0.12, 0.87, 0.65 
823, Cell_0824.png, 0.10, 0.49, 0.50 
824, Cell_0825.png, 0.10, 0.78, 0.87 
825, Cell_0826.png, 0.14, 0.90, 0.19 
826, Cell_0827.png, 0.14, 0.43, 0.45 
827, Cell_0828.png, 0.20, 0.07, 0.35 
828, Cell_0829.png, 0.15, 0.22, 0.86 
829, Cell_0830.png, 0.09, 0.77, 0.66 
830, Cell_0831.png, 0.10, 0.65, 0.72 
831, Cell_0832.png, 0.14, 0.61, 0.36 
832, Cell_0833.png, 0.14, 0.95, 0.71 
833, Cell_0834.png, 0.12, 0.21, 0.11 
834, Cell_0835.png, 0.09, 0.54, 0.03 
835, Cell_0836.png, 0.18, 0.13, 0.07 
836, Cell_0837.png, 0.12, 0.90, 0.34 
837, Cell_0838.png, 0.14, 0.81, 0.49 
838, Cell_0839.png, 0.06, 0.41, 0.28 
839, Cell_0840.png, 0.09, 0.29, 0.50 
840, Cell_0841.png, 1.00, 0.32, 0.55 
841, Cell_0842.png, 1.00, 0.44, 0.89 
842, Cell_0843.png, 1.00, 0.75, 0.21 
843, Cell_0844.png, 0.98, 0.51, 0.12 
844, Cell_0845.png, 0.82, 0.71, 0.39 
845, Cell_0846.png, 0.99, 0.39, 0.78 
846, Cell_0847.png, 0.97, 0.34, 0.06 
847, Cell_0848.png, 1.00, 0.07, 0.76 
848, Cell_0849.png, 1.00, 0.84, 0.42 
849, Cell_0850.png, 0.99, 1.01, 0.94 
850, Cell_0851.png, 0.99, 0.86, 0.95 
851, Cell_0852.png, 0.40, 0.67, 0.88 
852, Cell_0853.png, 0.42, 0.08, 0.67 
853, Cell_0854.png, 0.34, 0.12, 0.12 
854, Cell_0855.png, 0.31, 0.44, 0.09 
855, Cell_0856.png, 0.39, 0.49, 0.19 
856, Cell_0857.png, 0.41, 0.46, 0.42 
857, Cell_0858.png, 0.26, 0.81, 0.60 
858, Cell_0859.png, 0.31, 0.10, 0.38 
859, Cell_0860.png, 0.41, 0.94, 0.82 
860, Cell_0861.png, 0.40, 0.58, 0.04 
861, Cell_0862.png, 0.35, 0.03, 0.56 
862, Cell_0863.png, 0.29, 0.67, 0.68 
863, Cell_0864.png, 0.32, 0.59, 0.80 
864, Cell_0865.png, 0.42, 0.05, 0.54 
865, Cell_0866.png, 0.40, 0.06, 0.14 
866, Cell_0867.png, 0.43, 0.94, 0.35 
867, Cell_0868.png, 0.34, 0.08, 0.71 
868, Cell_0869.png, 0.35, 0.75, 0.74 
869, Cell_0870.png, 0.42, 0.72, 0.07 
870, Cell_0871.png, 0.41, 0.20, 0.59 
871, Cell_0872.png, 0.33, 0.43, 0.30 
872, Cell_0873.png, 0.32, 0.84, 0.35 
873, Cell_0874.png, 0.30, 0.55, 0.27 
874, Cell_0875.png, 0.33, 0.27, 0.08 
875, Cell_0876.png, 0.34, 0.80, 0.31 
876, Cell_0877.png, 0.29, 0.62, 0.60 
877, Cell_0878.png, 0.38, 0.27, 0.64 
878, Cell_0879.png, 0.33, 0.81, 0.78 
879, Cell_0880.png, 0.33, 0.05, 0.77 
880, Cell_0881.png, 0.26, 0.54, 0.84 
881, Cell_0882.png, 0.31, 0.74, 0.09 
882, Cell_0883.png, 0.39, 0.92, 0.39 
883, Cell_0884.png, 0.30, 0.10, 0.04 
884, Cell_0885.png, 0.41, 0.84, 0.55 
885, Cell_0886.png, 0.40, 0.18, 0.67 
886, Cell_0887.png, 0.40, 0.43, 0.08 
887, Cell_0888.png, 0.33, 1.00, 0.70 
888, Cell_0889.png, 0.25, 0.07, 0.88 
889, Cell_0890.png, 0.31, 0.14, 0.02 
890, Cell_0891.png, 0.29, 0.69, 0.51 
891, Cell_0892.png, 0.37, 1.00, 0.77 
892, Cell_0893.png, 0.44, 0.70, 0.63 
893, Cell_0894.png, 0.29, 0.95, 0.47 
894, Cell_0895.png, 0.32, 0.82, 0.92 
895, Cell_0896.png, 0.41, 0.13, 0.17 
896, Cell_0897.png, 0.40, 0.63, 0.05 
897, Cell_0898.png, 0.39, 0.58, 0.78 
898, Cell_0899.png, 0.44, 0.06, 0.77 
899, Cell_0900.png, 0.29, 0.18, 0.14 
900, Cell_0901.png, 0.36, 0.95, 0.58 
901, Cell_0902.png, 0.38, 0.02, 0.32 
902, Cell_0903.png, 1.01, 1.00, 0.35 
903, Cell_0904.png, 0.99, 0.52, 0.29 
904, Cell_0905.png, 0.98, 0.46, 0.07 
905, Cell_0906.png, 0.14, 0.86, 0.03 
906, Cell_0907.png, 0.20, 1.00, 0.42 
907, Cell_0908.png, 0.21, 0.89, 0.10 
908, Cell_0909.png, 0.11, 0.32, 0.99 
909, Cell_0910.png, 0.19, 0.62, 0.04 
910, Cell_0911.png, 0.21, 0.02, 0.11 
911, Cell_0912.png, 0.13, 0.24, 0.08 
912, Cell_0913.png, 0.21, 0.17, 0.03 
913, Cell_0914.png, 0.15, 0.83, 0.01 
914, Cell_0915.png, 0.10, 0.23, 0.99 
915, Cell_0916.png, 0.05, 0.08, 0.10 
916, Cell_0917.png, 0.15, 0.04, 0.02 
917, Cell_0918.png, 0.17, 0.11, 0.31 
918, Cell_0919.png, 0.13, 0.01, 0.21 
919, Cell_0920.png, 0.18, 0.25, 0.01 
920, Cell_0921.png, 0.25, 0.38, 0.35 
921, Cell_0922.png, 0.19, 0.36, 0.03 
922, Cell_0923.png, 0.18, 0.38, 0.54 
923, Cell_0924.png, 0.10, 0.64, 0.03 
924, Cell_0925.png, 0.14, 0.16, 0.99 
925, Cell_0926.png, 0.21, 1.00, 0.79 
926, Cell_0927.png, 0.23, 0.46, 0.08 
927, Cell_0928.png, 0.20, 0.90, 0.00 
928, Cell_0929.png, 0.20, 0.05, 0.88 
929, Cell_0930.png, 0.15, 0.11, 0.00 
930, Cell_0931.png, 0.21, 0.13, 0.02 
931, Cell_0932.png, 0.20, 0.10, 0.02 
932, Cell_0933.png, 0.19, 0.85, 0.06 
933, Cell_0934.png, 0.17, 0.52, 0.01 
934, Cell_0935.png, 0.20, 0.57, 0.03 
935, Cell_0936.png, 0.12, 0.04, 0.85 
936, Cell_0937.png, 0.13, 0.02, 0.03 
937, Cell_0938.png, 0.14, 0.61, 0.99 
938, Cell_0939.png, 0.19, 0.70, 0.18 
939, Cell_0940.png, 0.21, 0.17, 0.34 
940, Cell_0941.png, 0.19, 0.77, 0.02 
941, Cell_0942.png, 0.12, 0.40, 0.01 
942, Cell_0943.png, 0.09, 0.43, 0.01 
943, Cell_0944.png, 0.14, 0.20, 0.02 
944, Cell_0945.png, 0.18, 0.92, 0.03 
945, Cell_0946.png, 0.13, 0.60, 0.14 
946, Cell_0947.png, 0.14, 0.70, 0.03 
947, Cell_0948.png, 0.23, 0.09, 0.09 
948, Cell_0949.png, 0.20, 0.20, 0.04 
949, Cell_0950.png, 0.25, 0.01, 0.17 
